{"E": 176645.32491822797, "plastic_strain": [0.0, 0.0006829094421892997, 0.001175728675066219, 0.0020554124502524997, 0.0032216019480120987, 0.004889022273391146, 0.007280458589268651, 0.00861334704889566], "yield_stress": [1704.307661306798, 1839.762861468459, 1961.3241450469786, 2066.387303860384, 2149.7835689485833, 2209.873471978572, 2244.859776042233, 2253.80015790085]}