{"E": 207992.08985568146, "plastic_strain": [0.0, 0.0017850080362575727, 0.003056693304010245, 0.004848120106363473, 0.007552719384880275, 0.01108452822755201, 0.011480183719850979], "yield_stress": [1859.618989181086, 1994.0191110004753, 2108.928133315436, 2195.6720031673567, 2251.4798776857847, 2277.2526821560696, 2278.16384804912]}