{"E": 161310.69567389562, "plastic_strain": [0.0, 0.0004847495562627195, 0.0009831853202326418, 0.0016496111531398815, 0.0026692557992140514, 0.004082997362266021, 0.006021136216505761, 0.008738080251044139, 0.011760572301027854], "yield_stress": [1574.6131170690119, 1711.2409356513724, 1837.719195222242, 1951.3627167703614, 2050.081802283376, 2129.02174364296, 2185.8047832559387, 2221.7390550237515, 2237.8290657024454]}