{"E": 207122.70407718624, "yield_stress": [1691.8965699168841, 1780.8305069943103, 1868.840347560725, 1954.3754481317424, 2037.883500362359, 2117.523476290907, 2197.026422569096, 2269.2511475264873, 2337.2499632730046, 2398.0624507512994, 2451.5119438858746, 2495.8687444331817, 2528.6500215518017, 2547.664102543898], "plastic_strain": [0.0, 0.0005216702788771645, 0.0007808801273318771, 0.0011432397719516024, 0.0015311781359154467, 0.0020165815815318382, 0.002588770277851222, 0.0032357663196905893, 0.003989524318781594, 0.004883483944841107, 0.005949429961915224, 0.007263215713313951, 0.008911540536368655, 0.010930411407085576]}