{"E": 221424.39059123312, "yield_stress": [2170.952061001001, 2287.776308033659, 2396.697609121041, 2491.8504088124755, 2579.670238791394, 2653.2918377810124, 2706.9952414349978, 2738.907428960863, 2746.1342691545574], "plastic_strain": [0.0, 0.0008201241784031085, 0.0014940404424730446, 0.0023765241317440008, 0.003496984160998024, 0.0049235930017600665, 0.006616246024023248, 0.008917179707328114, 0.011888996261287301]}