{"E": 221295.63929699862, "yield_stress": [2071.8613460386305, 2159.9502986811517, 2243.461290951196, 2325.42300768412, 2402.8611827026657, 2474.599501848839, 2541.35243121362, 2600.6636371192094, 2648.860901595697, 2683.058893687906], "plastic_strain": [0.0, 0.0002765760233599205, 0.0005599471970596671, 0.0009124661487903002, 0.0013943607713051455, 0.001923656378763159, 0.002600486968035755, 0.0034932606717133115, 0.00458392466684495, 0.005961757571631501]}